customer_id,customer_name,gender,age,city,signup_date
10001,Customer_1,Female,55,Gurugram,2024-06-27
10002,Customer_2,Male,20,Noida,2024-01-31
10003,Customer_3,Female,35,Mohali,2025-07-18
10004,Customer_4,Female,37,Mohali,2025-09-06
10005,Customer_5,Male,52,Gurugram,2025-11-26
10006,Customer_6,Female,23,Delhi,2026-05-05
10007,Customer_7,Female,36,Gurugram,2025-03-23
10008,Customer_8,Female,24,Delhi,2026-01-16
10009,Customer_9,Male,51,Panchkula,2025-10-06
10010,Customer_10,Male,45,Gurugram,2024-09-06
10011,Customer_11,Male,39,Chandigarh,2026-01-30
10012,Customer_12,Female,34,Panchkula,2024-02-17
10013,Customer_13,Female,24,Delhi,2025-06-23
10014,Customer_14,Female,57,Gurugram,2026-04-26
10015,Customer_15,Male,45,Noida,2025-08-16
10016,Customer_16,Male,31,Panchkula,2026-04-23
10017,Customer_17,Male,35,Chandigarh,2024-02-20
10018,Customer_18,Male,49,Noida,2025-04-24
10019,Customer_19,Female,48,Chandigarh,2025-12-03
10020,Customer_20,Female,37,Panchkula,2025-08-01
10021,Customer_21,Female,31,Panchkula,2026-03-03
10022,Customer_22,Male,46,Delhi,2025-02-20
10023,Customer_23,Female,46,Noida,2025-09-06
10024,Customer_24,Female,43,Gurugram,2025-01-12
10025,Customer_25,Female,21,Gurugram,2026-02-23
10026,Customer_26,Male,38,Panchkula,2024-04-17
10027,Customer_27,Male,44,Mohali,2024-08-16
10028,Customer_28,Male,58,Delhi,2024-03-28
10029,Customer_29,Male,40,Chandigarh,2025-09-23
10030,Customer_30,Female,32,Panchkula,2024-07-28
10031,Customer_31,Female,41,Mohali,2024-10-12
10032,Customer_32,Female,25,Chandigarh,2026-01-22
10033,Customer_33,Male,21,Delhi,2024-11-20
10034,Customer_34,Male,47,Gurugram,2024-05-11
10035,Customer_35,Male,60,Chandigarh,2024-01-19
10036,Customer_36,Male,54,Delhi,2024-07-23
10037,Customer_37,Male,43,Gurugram,2026-04-03
10038,Customer_38,Male,19,Gurugram,2025-05-08
10039,Customer_39,Male,60,Gurugram,2026-06-14
10040,Customer_40,Female,37,Delhi,2024-07-12
10041,Customer_41,Male,30,Gurugram,2024-11-12
10042,Customer_42,Female,56,Panchkula,2024-05-26
10043,Customer_43,Female,50,Mohali,2024-12-24
10044,Customer_44,Male,50,Panchkula,2025-05-21
10045,Customer_45,Female,29,Delhi,2025-12-28
10046,Customer_46,Female,60,Mohali,2024-11-27
10047,Customer_47,Male,37,Panchkula,2025-11-25
10048,Customer_48,Male,40,Gurugram,2025-07-17
10049,Customer_49,Female,50,Mohali,2024-09-19
10050,Customer_50,Male,46,Panchkula,2026-03-31
10051,Customer_51,Male,25,Chandigarh,2025-01-25
10052,Customer_52,Male,31,Mohali,2024-05-15
10053,Customer_53,Female,33,Mohali,2026-05-16
10054,Customer_54,Female,58,Mohali,2026-04-02
10055,Customer_55,Female,48,Panchkula,2024-02-14
10056,Customer_56,Female,33,Gurugram,2026-03-23
10057,Customer_57,Male,49,Noida,2026-05-02
10058,Customer_58,Male,49,Delhi,2026-01-16
10059,Customer_59,Male,34,Delhi,2024-08-17
10060,Customer_60,Male,35,Noida,2025-07-22
10061,Customer_61,Female,56,Noida,2025-04-29
10062,Customer_62,Male,42,Delhi,2025-07-12
10063,Customer_63,Male,24,Noida,2025-07-08
10064,Customer_64,Female,48,Noida,2025-07-29
10065,Customer_65,Female,43,Gurugram,2025-04-07
10066,Customer_66,Male,39,Delhi,2025-09-13
10067,Customer_67,Male,49,Chandigarh,2025-04-18
10068,Customer_68,Male,57,Chandigarh,2024-01-15
10069,Customer_69,Male,32,Delhi,2024-02-01
10070,Customer_70,Male,36,Delhi,2026-05-12
10071,Customer_71,Male,26,Mohali,2026-03-29
10072,Customer_72,Male,45,Delhi,2025-06-11
10073,Customer_73,Female,35,Delhi,2024-06-06
10074,Customer_74,Male,32,Gurugram,2025-12-04
10075,Customer_75,Male,47,Chandigarh,2024-05-08
10076,Customer_76,Male,35,Panchkula,2024-12-05
10077,Customer_77,Male,37,Gurugram,2024-10-23
10078,Customer_78,Female,36,Noida,2024-01-12
10079,Customer_79,Male,29,Noida,2025-12-27
10080,Customer_80,Female,23,Noida,2025-04-03
10081,Customer_81,Female,53,Noida,2024-10-11
10082,Customer_82,Male,21,Mohali,2025-04-01
10083,Customer_83,Female,31,Mohali,2024-01-01
10084,Customer_84,Male,46,Panchkula,2025-01-28
10085,Customer_85,Male,23,Delhi,2025-04-12
10086,Customer_86,Male,46,Noida,2024-11-01
10087,Customer_87,Female,49,Mohali,2026-01-17
10088,Customer_88,Male,46,Delhi,2024-08-12
10089,Customer_89,Male,31,Panchkula,2024-05-04
10090,Customer_90,Male,18,Panchkula,2025-04-19
10091,Customer_91,Male,56,Panchkula,2026-03-09
10092,Customer_92,Female,32,Chandigarh,2024-12-03
10093,Customer_93,Male,52,Noida,2024-02-11
10094,Customer_94,Male,26,Mohali,2026-05-22
10095,Customer_95,Male,24,Gurugram,2025-02-03
10096,Customer_96,Female,51,Gurugram,2024-06-04
10097,Customer_97,Male,58,Panchkula,2025-07-08
10098,Customer_98,Male,55,Panchkula,2024-10-14
10099,Customer_99,Male,50,Gurugram,2026-04-24
10100,Customer_100,Female,28,Panchkula,2024-09-21
10101,Customer_101,Female,57,Noida,2025-05-10
10102,Customer_102,Female,46,Chandigarh,2025-05-03
10103,Customer_103,Male,25,Gurugram,2024-08-06
10104,Customer_104,Female,23,Gurugram,2025-03-25
10105,Customer_105,Female,55,Panchkula,2024-04-08
10106,Customer_106,Female,29,Panchkula,2025-08-02
10107,Customer_107,Male,50,Noida,2025-11-13
10108,Customer_108,Male,23,Panchkula,2026-05-05
10109,Customer_109,Male,30,Mohali,2024-10-20
10110,Customer_110,Female,30,Mohali,2024-09-13
10111,Customer_111,Male,30,Panchkula,2025-05-08
10112,Customer_112,Male,47,Gurugram,2025-09-15
10113,Customer_113,Male,57,Gurugram,2026-06-12
10114,Customer_114,Male,57,Mohali,2024-01-23
10115,Customer_115,Male,49,Gurugram,2024-08-02
10116,Customer_116,Female,26,Panchkula,2024-08-24
10117,Customer_117,Female,59,Chandigarh,2024-08-17
10118,Customer_118,Female,41,Delhi,2025-02-21
10119,Customer_119,Male,41,Noida,2026-02-24
10120,Customer_120,Female,48,Chandigarh,2024-01-28
10121,Customer_121,Female,51,Panchkula,2026-01-04
10122,Customer_122,Female,58,Delhi,2025-07-09
10123,Customer_123,Male,43,Gurugram,2025-07-07
10124,Customer_124,Male,44,Chandigarh,2025-09-02
10125,Customer_125,Male,50,Mohali,2024-04-13
10126,Customer_126,Male,28,Gurugram,2025-11-03
10127,Customer_127,Male,31,Mohali,2024-08-11
10128,Customer_128,Male,44,Panchkula,2025-04-09
10129,Customer_129,Male,20,Panchkula,2025-09-01
10130,Customer_130,Female,31,Mohali,2025-06-27
10131,Customer_131,Male,48,Delhi,2024-10-17
10132,Customer_132,Female,59,Noida,2024-12-22
10133,Customer_133,Female,40,Delhi,2025-03-04
10134,Customer_134,Male,35,Gurugram,2024-02-07
10135,Customer_135,Female,36,Noida,2025-10-15
10136,Customer_136,Male,47,Mohali,2024-03-30
10137,Customer_137,Female,41,Mohali,2025-02-16
10138,Customer_138,Male,18,Noida,2025-08-12
10139,Customer_139,Female,41,Panchkula,2024-03-13
10140,Customer_140,Male,35,Gurugram,2026-06-14
10141,Customer_141,Male,48,Gurugram,2024-12-05
10142,Customer_142,Male,55,Chandigarh,2024-01-15
10143,Customer_143,Female,59,Delhi,2025-08-15
10144,Customer_144,Male,44,Panchkula,2025-05-16
10145,Customer_145,Male,33,Panchkula,2025-07-30
10146,Customer_146,Male,37,Delhi,2025-11-06
10147,Customer_147,Male,25,Panchkula,2025-03-04
10148,Customer_148,Male,58,Gurugram,2026-01-14
10149,Customer_149,Male,54,Noida,2024-11-29
10150,Customer_150,Male,54,Gurugram,2025-05-05
10151,Customer_151,Female,32,Panchkula,2024-05-22
10152,Customer_152,Female,31,Panchkula,2025-07-11
10153,Customer_153,Male,54,Panchkula,2024-08-23
10154,Customer_154,Male,41,Chandigarh,2025-09-19
10155,Customer_155,Male,48,Noida,2025-12-21
10156,Customer_156,Female,39,Mohali,2026-02-12
10157,Customer_157,Male,37,Panchkula,2026-04-16
10158,Customer_158,Female,45,Noida,2024-04-20
10159,Customer_159,Female,52,Mohali,2024-05-04
10160,Customer_160,Female,32,Chandigarh,2026-04-13
10161,Customer_161,Male,52,Panchkula,2024-12-08
10162,Customer_162,Female,28,Delhi,2024-01-24
10163,Customer_163,Male,35,Gurugram,2024-09-15
10164,Customer_164,Male,57,Panchkula,2026-01-22
10165,Customer_165,Male,59,Noida,2024-11-15
10166,Customer_166,Male,57,Noida,2024-03-10
10167,Customer_167,Female,31,Noida,2025-10-11
10168,Customer_168,Female,54,Panchkula,2024-06-24
10169,Customer_169,Male,58,Chandigarh,2024-11-13
10170,Customer_170,Female,60,Noida,2024-01-04
10171,Customer_171,Male,18,Mohali,2025-06-25
10172,Customer_172,Male,50,Delhi,2025-02-04
10173,Customer_173,Male,60,Gurugram,2026-02-19
10174,Customer_174,Female,50,Chandigarh,2024-10-27
10175,Customer_175,Male,28,Gurugram,2024-07-03
10176,Customer_176,Male,50,Noida,2024-05-29
10177,Customer_177,Male,22,Gurugram,2024-06-29
10178,Customer_178,Other,38,Delhi,2025-02-09
10179,Customer_179,Female,44,Noida,2024-03-19
10180,Customer_180,Female,37,Delhi,2024-12-28
10181,Customer_181,Female,48,Gurugram,2026-02-08
10182,Customer_182,Female,28,Gurugram,2025-11-21
10183,Customer_183,Male,44,Gurugram,2025-07-27
10184,Customer_184,Male,45,Panchkula,2026-03-14
10185,Customer_185,Female,45,Chandigarh,2025-12-03
10186,Customer_186,Female,30,Panchkula,2025-08-10
10187,Customer_187,Male,31,Delhi,2026-02-15
10188,Customer_188,Male,29,Delhi,2024-04-21
10189,Customer_189,Female,37,Delhi,2026-01-06
10190,Customer_190,Male,43,Mohali,2024-09-22
10191,Customer_191,Female,33,Gurugram,2025-10-21
10192,Customer_192,Male,35,Noida,2026-04-01
10193,Customer_193,Male,30,Panchkula,2025-03-22
10194,Customer_194,Female,27,Gurugram,2024-03-20
10195,Customer_195,Male,46,Gurugram,2024-11-29
10196,Customer_196,Male,53,Delhi,2025-01-01
10197,Customer_197,Female,30,Panchkula,2026-04-23
10198,Customer_198,Female,55,Gurugram,2026-04-28
10199,Customer_199,Male,42,Noida,2025-05-26
10200,Customer_200,Male,25,Gurugram,2026-05-05
10201,Customer_201,Female,33,Noida,2025-01-27
10202,Customer_202,Female,18,Noida,2025-01-05
10203,Customer_203,Male,19,Mohali,2026-01-22
10204,Customer_204,Male,32,Delhi,2025-08-23
10205,Customer_205,Male,37,Delhi,2025-04-15
10206,Customer_206,Male,52,Noida,2025-02-15
10207,Customer_207,Male,23,Chandigarh,2025-09-27
10208,Customer_208,Female,54,Mohali,2025-11-09
10209,Customer_209,Male,28,Noida,2025-03-17
10210,Customer_210,Male,23,Panchkula,2024-01-29
10211,Customer_211,Female,48,Gurugram,2024-04-01
10212,Customer_212,Female,51,Mohali,2024-05-09
10213,Customer_213,Male,44,Noida,2025-02-19
10214,Customer_214,Female,22,Noida,2025-07-06
10215,Customer_215,Female,22,Mohali,2025-12-24
10216,Customer_216,Female,34,Gurugram,2024-07-28
10217,Customer_217,Male,37,Mohali,2025-12-08
10218,Customer_218,Male,60,Delhi,2025-08-22
10219,Customer_219,Female,30,Delhi,2024-02-16
10220,Customer_220,Male,26,Gurugram,2024-11-12
10221,Customer_221,Male,58,Chandigarh,2024-09-29
10222,Customer_222,Male,24,Panchkula,2026-03-08
10223,Customer_223,Female,19,Gurugram,2026-04-09
10224,Customer_224,Female,36,Delhi,2026-01-07
10225,Customer_225,Male,35,Delhi,2025-04-20
10226,Customer_226,Female,44,Chandigarh,2025-03-19
10227,Customer_227,Male,55,Mohali,2024-10-07
10228,Customer_228,Male,58,Noida,2025-11-26
10229,Customer_229,Female,30,Chandigarh,2024-03-18
10230,Customer_230,Male,60,Mohali,2024-09-01
10231,Customer_231,Male,45,Noida,2024-05-01
10232,Customer_232,Male,20,Chandigarh,2025-03-20
10233,Customer_233,Female,58,Gurugram,2024-09-26
10234,Customer_234,Female,23,Panchkula,2024-06-26
10235,Customer_235,Female,43,Noida,2024-12-04
10236,Customer_236,Female,52,Gurugram,2026-02-13
10237,Customer_237,Male,28,Noida,2025-05-17
10238,Customer_238,Female,29,Panchkula,2026-01-10
10239,Customer_239,Male,38,Delhi,2026-04-02
10240,Customer_240,Male,56,Gurugram,2026-03-22
10241,Customer_241,Female,27,Panchkula,2024-11-11
10242,Customer_242,Female,46,Panchkula,2026-02-28
10243,Customer_243,Male,37,Chandigarh,2026-03-29
10244,Customer_244,Male,22,Noida,2026-05-13
10245,Customer_245,Female,48,Gurugram,2024-11-11
10246,Customer_246,Female,53,Delhi,2024-07-24
10247,Customer_247,Female,42,Gurugram,2025-06-09
10248,Customer_248,Male,25,Delhi,2026-04-18
10249,Customer_249,Male,24,Delhi,2026-03-21
10250,Customer_250,Male,36,Delhi,2025-05-29
10251,Customer_251,Female,39,Delhi,2024-05-14
10252,Customer_252,Female,41,Panchkula,2025-01-15
10253,Customer_253,Male,28,Noida,2025-10-04
10254,Customer_254,Male,39,Gurugram,2025-05-19
10255,Customer_255,Male,30,Mohali,2024-11-06
10256,Customer_256,Female,47,Delhi,2024-11-04
10257,Customer_257,Female,52,Chandigarh,2024-02-23
10258,Customer_258,Male,46,Noida,2024-09-16
10259,Customer_259,Male,18,Noida,2025-08-25
10260,Customer_260,Female,60,Noida,2024-08-05
10261,Customer_261,Male,19,Mohali,2026-06-13
10262,Customer_262,Female,60,Panchkula,2024-03-15
10263,Customer_263,Male,19,Panchkula,2025-06-13
10264,Customer_264,Male,40,Chandigarh,2025-03-22
10265,Customer_265,Female,22,Chandigarh,2026-01-19
10266,Customer_266,Male,22,Chandigarh,2026-03-09
10267,Customer_267,Male,47,Noida,2025-05-04
10268,Customer_268,Male,49,Chandigarh,2025-07-21
10269,Customer_269,Male,23,Chandigarh,2025-09-21
10270,Customer_270,Male,59,Gurugram,2025-04-13
10271,Customer_271,Male,31,Delhi,2024-06-15
10272,Customer_272,Male,31,Gurugram,2025-01-20
10273,Customer_273,Male,30,Delhi,2024-08-05
10274,Customer_274,Female,37,Noida,2025-02-21
10275,Customer_275,Female,25,Delhi,2025-07-07
10276,Customer_276,Male,36,Delhi,2024-07-07
10277,Customer_277,Male,27,Gurugram,2024-08-12
10278,Customer_278,Male,20,Delhi,2026-01-10
10279,Customer_279,Female,33,Mohali,2024-12-05
10280,Customer_280,Female,46,Delhi,2024-06-27
10281,Customer_281,Male,50,Panchkula,2025-10-03
10282,Customer_282,Male,33,Gurugram,2025-10-06
10283,Customer_283,Male,31,Panchkula,2026-01-13
10284,Customer_284,Male,51,Chandigarh,2025-11-14
10285,Customer_285,Male,47,Panchkula,2026-06-11
10286,Customer_286,Male,53,Noida,2025-06-01
10287,Customer_287,Male,56,Mohali,2024-09-15
10288,Customer_288,Male,53,Gurugram,2026-02-15
10289,Customer_289,Male,58,Noida,2024-08-26
10290,Customer_290,Male,35,Chandigarh,2024-09-18
10291,Customer_291,Female,34,Gurugram,2026-01-15
10292,Customer_292,Male,31,Mohali,2026-03-04
10293,Customer_293,Female,28,Panchkula,2024-11-01
10294,Customer_294,Male,50,Gurugram,2025-10-18
10295,Customer_295,Female,48,Noida,2026-04-10
10296,Customer_296,Female,52,Panchkula,2025-12-19
10297,Customer_297,Female,25,Delhi,2024-01-05
10298,Customer_298,Female,39,Panchkula,2025-08-21
10299,Customer_299,Female,27,Delhi,2024-06-01
10300,Customer_300,Female,56,Delhi,2026-01-31
10301,Customer_301,Female,29,Delhi,2024-03-01
10302,Customer_302,Male,24,Delhi,2026-06-12
10303,Customer_303,Male,42,Chandigarh,2024-06-08
10304,Customer_304,Male,55,Gurugram,2025-01-13
10305,Customer_305,Female,57,Gurugram,2024-07-29
10306,Customer_306,Male,22,Gurugram,2026-01-02
10307,Customer_307,Male,32,Chandigarh,2024-12-20
10308,Customer_308,Female,24,Delhi,2025-11-01
10309,Customer_309,Male,31,Mohali,2024-03-01
10310,Customer_310,Male,40,Chandigarh,2025-02-11
10311,Customer_311,Male,30,Panchkula,2026-03-30
10312,Customer_312,Male,20,Delhi,2026-04-14
10313,Customer_313,Male,39,Gurugram,2024-07-06
10314,Customer_314,Male,20,Panchkula,2024-12-20
10315,Customer_315,Male,27,Gurugram,2025-01-03
10316,Customer_316,Male,18,Delhi,2025-05-23
10317,Customer_317,Male,21,Gurugram,2025-04-28
10318,Customer_318,Female,36,Delhi,2024-04-05
10319,Customer_319,Male,54,Delhi,2025-11-17
10320,Customer_320,Female,51,Delhi,2024-07-22
10321,Customer_321,Female,22,Noida,2024-10-10
10322,Customer_322,Male,19,Delhi,2026-01-26
10323,Customer_323,Male,32,Delhi,2025-09-12
10324,Customer_324,Male,46,Delhi,2024-12-22
10325,Customer_325,Female,50,Gurugram,2026-04-01
10326,Customer_326,Female,53,Chandigarh,2024-12-20
10327,Customer_327,Female,32,Delhi,2025-05-23
10328,Customer_328,Male,25,Delhi,2024-08-09
10329,Customer_329,Female,19,Noida,2024-06-13
10330,Customer_330,Male,24,Delhi,2025-03-18
10331,Customer_331,Female,20,Delhi,2025-05-21
10332,Customer_332,Male,55,Noida,2025-12-26
10333,Customer_333,Female,29,Delhi,2024-12-17
10334,Customer_334,Female,53,Panchkula,2026-03-16
10335,Customer_335,Male,41,Panchkula,2025-06-30
10336,Customer_336,Female,41,Chandigarh,2024-03-04
10337,Customer_337,Male,37,Chandigarh,2025-10-27
10338,Customer_338,Female,53,Mohali,2025-06-01
10339,Customer_339,Male,19,Gurugram,2024-12-16
10340,Customer_340,Female,21,Gurugram,2025-02-24
10341,Customer_341,Male,36,Chandigarh,2024-09-28
10342,Customer_342,Female,34,Delhi,2025-07-06
10343,Customer_343,Female,41,Chandigarh,2025-05-25
10344,Customer_344,Female,49,Noida,2025-02-06
10345,Customer_345,Female,43,Panchkula,2024-09-13
10346,Customer_346,Female,29,Delhi,2024-12-24
10347,Customer_347,Female,32,Mohali,2025-03-24
10348,Customer_348,Male,50,Delhi,2025-02-28
10349,Customer_349,Female,26,Mohali,2024-10-05
10350,Customer_350,Male,39,Gurugram,2025-06-07
10351,Customer_351,Female,41,Panchkula,2024-07-22
10352,Customer_352,Male,50,Noida,2025-03-26
10353,Customer_353,Male,48,Delhi,2024-04-19
10354,Customer_354,Male,37,Gurugram,2025-02-28
10355,Customer_355,Male,31,Noida,2025-12-06
10356,Customer_356,Male,33,Noida,2026-01-06
10357,Customer_357,Female,35,Panchkula,2025-09-17
10358,Customer_358,Female,27,Panchkula,2025-11-02
10359,Customer_359,Male,44,Panchkula,2024-02-29
10360,Customer_360,Female,26,Panchkula,2024-11-03
10361,Customer_361,Female,45,Delhi,2025-08-11
10362,Customer_362,Male,50,Noida,2025-12-21
10363,Customer_363,Male,59,Noida,2025-06-08
10364,Customer_364,Male,23,Delhi,2026-02-07
10365,Customer_365,Female,50,Delhi,2024-09-02
10366,Customer_366,Male,21,Noida,2024-05-18
10367,Customer_367,Female,32,Noida,2024-03-18
10368,Customer_368,Female,25,Panchkula,2025-06-08
10369,Customer_369,Male,24,Delhi,2025-08-21
10370,Customer_370,Female,25,Gurugram,2024-09-13
10371,Customer_371,Female,19,Mohali,2025-12-06
10372,Customer_372,Male,53,Mohali,2025-10-27
10373,Customer_373,Male,20,Noida,2024-11-20
10374,Customer_374,Male,35,Noida,2024-08-02
10375,Customer_375,Male,48,Noida,2025-10-30
10376,Customer_376,Male,60,Gurugram,2025-08-27
10377,Customer_377,Female,54,Panchkula,2024-06-02
10378,Customer_378,Male,23,Mohali,2024-08-17
10379,Customer_379,Male,60,Delhi,2025-03-13
10380,Customer_380,Female,46,Delhi,2025-04-05
10381,Customer_381,Male,25,Delhi,2024-05-29
10382,Customer_382,Female,37,Delhi,2026-05-03
10383,Customer_383,Female,57,Mohali,2024-12-15
10384,Customer_384,Male,34,Gurugram,2024-12-09
10385,Customer_385,Male,25,Mohali,2024-02-24
10386,Customer_386,Other,55,Mohali,2026-02-27
10387,Customer_387,Female,58,Chandigarh,2024-07-30
10388,Customer_388,Female,59,Panchkula,2026-06-07
10389,Customer_389,Male,59,Noida,2025-03-22
10390,Customer_390,Female,55,Delhi,2026-02-26
10391,Customer_391,Female,37,Panchkula,2024-06-10
10392,Customer_392,Male,26,Gurugram,2024-05-29
10393,Customer_393,Female,44,Delhi,2025-12-22
10394,Customer_394,Female,27,Chandigarh,2026-01-07
10395,Customer_395,Male,38,Mohali,2025-05-03
10396,Customer_396,Male,46,Panchkula,2024-01-29
10397,Customer_397,Female,58,Delhi,2026-04-29
10398,Customer_398,Male,30,Panchkula,2024-12-19
10399,Customer_399,Male,28,Chandigarh,2026-04-22
10400,Customer_400,Male,49,Chandigarh,2026-02-22
10401,Customer_401,Male,18,Delhi,2026-02-05
10402,Customer_402,Female,42,Chandigarh,2025-09-11
10403,Customer_403,Female,50,Noida,2025-08-28
10404,Customer_404,Male,41,Chandigarh,2025-04-24
10405,Customer_405,Other,34,Delhi,2024-01-23
10406,Customer_406,Female,53,Delhi,2024-12-15
10407,Customer_407,Male,33,Delhi,2025-10-19
10408,Customer_408,Female,48,Chandigarh,2026-01-01
10409,Customer_409,Male,37,Gurugram,2025-05-18
10410,Customer_410,Other,19,Noida,2025-09-30
10411,Customer_411,Female,40,Chandigarh,2024-01-20
10412,Customer_412,Female,20,Panchkula,2025-02-25
10413,Customer_413,Male,58,Noida,2025-04-01
10414,Customer_414,Female,43,Delhi,2026-03-14
10415,Customer_415,Male,33,Chandigarh,2024-10-06
10416,Customer_416,Male,38,Panchkula,2024-07-25
10417,Customer_417,Male,44,Delhi,2024-11-13
10418,Customer_418,Female,29,Gurugram,2024-06-02
10419,Customer_419,Male,30,Delhi,2025-05-17
10420,Customer_420,Female,36,Noida,2025-08-01
10421,Customer_421,Female,29,Delhi,2025-12-22
10422,Customer_422,Male,50,Mohali,2026-05-24
10423,Customer_423,Male,22,Delhi,2024-03-07
10424,Customer_424,Male,53,Mohali,2024-08-10
10425,Customer_425,Female,32,Panchkula,2024-09-27
10426,Customer_426,Female,42,Chandigarh,2024-08-12
10427,Customer_427,Male,24,Mohali,2026-01-14
10428,Customer_428,Female,34,Gurugram,2024-05-05
10429,Customer_429,Male,50,Chandigarh,2024-01-27
10430,Customer_430,Female,29,Mohali,2026-02-13
10431,Customer_431,Female,23,Delhi,2026-05-15
10432,Customer_432,Female,40,Delhi,2024-07-22
10433,Customer_433,Female,24,Gurugram,2024-10-26
10434,Customer_434,Female,31,Gurugram,2025-03-28
10435,Customer_435,Male,37,Gurugram,2025-04-18
10436,Customer_436,Male,42,Chandigarh,2026-06-10
10437,Customer_437,Male,45,Delhi,2024-12-29
10438,Customer_438,Male,47,Delhi,2024-01-11
10439,Customer_439,Female,54,Panchkula,2025-01-15
10440,Customer_440,Female,20,Chandigarh,2025-05-15
10441,Customer_441,Female,33,Panchkula,2025-04-10
10442,Customer_442,Male,18,Delhi,2025-04-06
10443,Customer_443,Female,18,Mohali,2026-04-10
10444,Customer_444,Male,27,Panchkula,2025-12-27
10445,Customer_445,Male,43,Gurugram,2024-08-14
10446,Customer_446,Female,56,Noida,2024-11-15
10447,Customer_447,Other,51,Panchkula,2025-08-23
10448,Customer_448,Female,45,Noida,2025-01-04
10449,Customer_449,Male,51,Chandigarh,2025-01-20
10450,Customer_450,Female,25,Noida,2024-05-31
10451,Customer_451,Male,54,Noida,2024-08-16
10452,Customer_452,Female,56,Chandigarh,2025-10-28
10453,Customer_453,Female,22,Gurugram,2026-01-28
10454,Customer_454,Male,38,Noida,2025-12-07
10455,Customer_455,Male,53,Noida,2024-10-04
10456,Customer_456,Male,38,Noida,2024-05-02
10457,Customer_457,Other,54,Delhi,2024-05-23
10458,Customer_458,Male,58,Chandigarh,2024-12-20
10459,Customer_459,Female,38,Noida,2025-04-10
10460,Customer_460,Female,20,Delhi,2026-03-14
10461,Customer_461,Male,32,Delhi,2026-03-19
10462,Customer_462,Male,27,Mohali,2024-01-03
10463,Customer_463,Female,38,Delhi,2025-09-28
10464,Customer_464,Male,43,Chandigarh,2024-09-25
10465,Customer_465,Male,37,Gurugram,2024-06-27
10466,Customer_466,Female,26,Chandigarh,2025-05-14
10467,Customer_467,Female,30,Gurugram,2024-01-31
10468,Customer_468,Female,47,Noida,2024-10-27
10469,Customer_469,Male,19,Delhi,2025-05-12
10470,Customer_470,Male,27,Delhi,2024-09-01
10471,Customer_471,Male,56,Mohali,2025-06-18
10472,Customer_472,Male,22,Noida,2025-02-18
10473,Customer_473,Male,35,Gurugram,2025-12-20
10474,Customer_474,Male,26,Mohali,2024-06-12
10475,Customer_475,Male,22,Panchkula,2024-02-21
10476,Customer_476,Male,36,Panchkula,2025-04-21
10477,Customer_477,Male,40,Delhi,2024-08-19
10478,Customer_478,Female,25,Noida,2025-09-28
10479,Customer_479,Female,21,Gurugram,2024-03-24
10480,Customer_480,Male,23,Panchkula,2025-06-01
10481,Customer_481,Male,46,Noida,2026-06-09
10482,Customer_482,Male,54,Mohali,2024-03-24
10483,Customer_483,Female,25,Noida,2024-09-28
10484,Customer_484,Male,31,Panchkula,2026-01-29
10485,Customer_485,Male,32,Delhi,2025-04-25
10486,Customer_486,Male,33,Noida,2024-06-06
10487,Customer_487,Male,28,Panchkula,2024-07-10
10488,Customer_488,Male,20,Gurugram,2025-11-19
10489,Customer_489,Male,40,Noida,2026-02-13
10490,Customer_490,Male,33,Chandigarh,2024-11-20
10491,Customer_491,Female,32,Chandigarh,2025-03-02
10492,Customer_492,Female,29,Gurugram,2025-12-05
10493,Customer_493,Female,57,Mohali,2024-06-08
10494,Customer_494,Male,44,Chandigarh,2024-07-04
10495,Customer_495,Female,36,Delhi,2025-11-27
10496,Customer_496,Male,26,Gurugram,2024-06-16
10497,Customer_497,Male,52,Panchkula,2025-11-24
10498,Customer_498,Female,56,Mohali,2025-03-23
10499,Customer_499,Male,19,Noida,2026-06-10
10500,Customer_500,Male,57,Delhi,2024-01-30
10501,Customer_501,Female,48,Noida,2026-05-01
10502,Customer_502,Female,22,Delhi,2024-07-21
10503,Customer_503,Female,50,Noida,2024-02-01
10504,Customer_504,Male,22,Delhi,2025-10-13
10505,Customer_505,Male,20,Chandigarh,2025-04-24
10506,Customer_506,Female,22,Noida,2026-01-23
10507,Customer_507,Male,37,Delhi,2024-04-07
10508,Customer_508,Female,44,Chandigarh,2024-03-13
10509,Customer_509,Male,35,Chandigarh,2025-05-25
10510,Customer_510,Male,23,Gurugram,2026-03-04
10511,Customer_511,Male,26,Chandigarh,2024-12-31
10512,Customer_512,Female,54,Panchkula,2025-12-18
10513,Customer_513,Male,59,Chandigarh,2026-03-26
10514,Customer_514,Male,50,Delhi,2026-02-21
10515,Customer_515,Male,22,Mohali,2025-04-02
10516,Customer_516,Male,53,Delhi,2025-09-20
10517,Customer_517,Male,47,Panchkula,2025-04-18
10518,Customer_518,Female,40,Chandigarh,2025-08-29
10519,Customer_519,Male,24,Delhi,2025-05-25
10520,Customer_520,Female,60,Mohali,2025-04-17
10521,Customer_521,Female,37,Delhi,2025-01-28
10522,Customer_522,Male,19,Chandigarh,2025-08-10
10523,Customer_523,Male,27,Chandigarh,2025-11-06
10524,Customer_524,Female,35,Panchkula,2026-04-07
10525,Customer_525,Male,20,Delhi,2025-07-05
10526,Customer_526,Male,31,Mohali,2024-03-31
10527,Customer_527,Female,38,Gurugram,2025-06-12
10528,Customer_528,Other,58,Mohali,2024-10-11
10529,Customer_529,Female,21,Delhi,2024-01-25
10530,Customer_530,Male,42,Delhi,2024-03-06
10531,Customer_531,Female,57,Chandigarh,2025-06-16
10532,Customer_532,Female,52,Delhi,2026-04-30
10533,Customer_533,Male,57,Mohali,2025-03-31
10534,Customer_534,Female,25,Mohali,2025-02-04
10535,Customer_535,Male,52,Chandigarh,2024-03-20
10536,Customer_536,Male,60,Gurugram,2025-08-30
10537,Customer_537,Male,32,Noida,2024-02-19
10538,Customer_538,Male,39,Chandigarh,2026-01-27
10539,Customer_539,Male,40,Delhi,2026-01-04
10540,Customer_540,Female,39,Gurugram,2026-06-10
10541,Customer_541,Other,30,Panchkula,2024-09-12
10542,Customer_542,Male,59,Gurugram,2024-05-25
10543,Customer_543,Female,59,Delhi,2024-09-26
10544,Customer_544,Other,34,Noida,2025-12-20
10545,Customer_545,Male,52,Noida,2024-07-15
10546,Customer_546,Male,35,Chandigarh,2026-03-09
10547,Customer_547,Male,52,Delhi,2024-05-18
10548,Customer_548,Male,43,Delhi,2024-02-13
10549,Customer_549,Female,38,Chandigarh,2024-07-16
10550,Customer_550,Male,23,Mohali,2025-11-09
10551,Customer_551,Male,46,Noida,2025-06-26
10552,Customer_552,Male,31,Chandigarh,2024-11-15
10553,Customer_553,Male,27,Delhi,2025-08-13
10554,Customer_554,Female,26,Noida,2025-08-06
10555,Customer_555,Male,60,Mohali,2025-05-14
10556,Customer_556,Male,22,Delhi,2025-04-07
10557,Customer_557,Male,52,Noida,2024-04-01
10558,Customer_558,Male,55,Delhi,2024-08-21
10559,Customer_559,Female,19,Chandigarh,2025-04-19
10560,Customer_560,Male,43,Chandigarh,2024-05-01
10561,Customer_561,Male,42,Noida,2025-03-04
10562,Customer_562,Male,33,Panchkula,2024-04-15
10563,Customer_563,Female,46,Delhi,2025-12-09
10564,Customer_564,Female,35,Chandigarh,2024-04-02
10565,Customer_565,Female,36,Mohali,2024-03-24
10566,Customer_566,Female,36,Noida,2025-07-28
10567,Customer_567,Female,52,Delhi,2024-07-17
10568,Customer_568,Male,45,Noida,2024-11-12
10569,Customer_569,Male,34,Panchkula,2024-10-09
10570,Customer_570,Male,57,Delhi,2024-07-13
10571,Customer_571,Male,52,Noida,2025-11-16
10572,Customer_572,Female,58,Delhi,2025-09-14
10573,Customer_573,Male,49,Panchkula,2024-08-02
10574,Customer_574,Female,34,Noida,2025-09-10
10575,Customer_575,Female,51,Mohali,2025-10-04
10576,Customer_576,Male,32,Delhi,2025-04-30
10577,Customer_577,Female,29,Noida,2025-06-04
10578,Customer_578,Female,37,Panchkula,2026-04-21
10579,Customer_579,Female,59,Mohali,2025-02-12
10580,Customer_580,Male,42,Chandigarh,2024-12-12
10581,Customer_581,Male,34,Mohali,2025-04-30
10582,Customer_582,Male,37,Panchkula,2026-01-22
10583,Customer_583,Male,30,Gurugram,2025-09-30
10584,Customer_584,Male,46,Panchkula,2024-03-08
10585,Customer_585,Female,33,Gurugram,2025-02-17
10586,Customer_586,Female,41,Panchkula,2025-10-27
10587,Customer_587,Male,33,Mohali,2024-07-20
10588,Customer_588,Male,31,Mohali,2026-06-08
10589,Customer_589,Male,59,Gurugram,2025-12-28
10590,Customer_590,Male,32,Delhi,2026-01-31
10591,Customer_591,Female,21,Mohali,2024-03-14
10592,Customer_592,Male,34,Noida,2025-06-05
10593,Customer_593,Male,40,Delhi,2025-04-20
10594,Customer_594,Female,22,Panchkula,2025-07-18
10595,Customer_595,Male,31,Noida,2026-02-04
10596,Customer_596,Male,25,Mohali,2024-11-13
10597,Customer_597,Female,39,Chandigarh,2025-04-25
10598,Customer_598,Female,49,Delhi,2025-09-03
10599,Customer_599,Other,59,Chandigarh,2025-11-08
10600,Customer_600,Female,34,Panchkula,2025-11-24
10601,Customer_601,Male,55,Gurugram,2024-10-30
10602,Customer_602,Female,27,Chandigarh,2026-06-17
10603,Customer_603,Female,51,Gurugram,2024-01-09
10604,Customer_604,Female,42,Noida,2025-03-19
10605,Customer_605,Female,50,Delhi,2025-07-01
10606,Customer_606,Female,50,Gurugram,2024-02-25
10607,Customer_607,Female,40,Gurugram,2025-02-10
10608,Customer_608,Male,29,Noida,2025-06-20
10609,Customer_609,Female,40,Mohali,2025-06-30
10610,Customer_610,Male,53,Panchkula,2024-04-17
10611,Customer_611,Male,59,Delhi,2024-09-06
10612,Customer_612,Female,57,Delhi,2024-08-08
10613,Customer_613,Female,25,Panchkula,2025-07-29
10614,Customer_614,Other,43,Delhi,2024-10-22
10615,Customer_615,Male,22,Chandigarh,2025-05-29
10616,Customer_616,Female,46,Noida,2025-10-19
10617,Customer_617,Female,60,Panchkula,2025-12-18
10618,Customer_618,Male,20,Chandigarh,2024-06-14
10619,Customer_619,Male,46,Chandigarh,2026-03-24
10620,Customer_620,Male,58,Panchkula,2024-05-29
10621,Customer_621,Female,54,Panchkula,2024-01-20
10622,Customer_622,Male,34,Chandigarh,2024-02-10
10623,Customer_623,Other,22,Panchkula,2024-06-29
10624,Customer_624,Male,57,Panchkula,2026-02-24
10625,Customer_625,Female,57,Mohali,2024-07-06
10626,Customer_626,Male,42,Mohali,2025-09-16
10627,Customer_627,Female,60,Mohali,2025-01-11
10628,Customer_628,Male,18,Mohali,2024-02-05
10629,Customer_629,Male,44,Chandigarh,2025-02-03
10630,Customer_630,Female,19,Chandigarh,2024-01-26
10631,Customer_631,Female,58,Panchkula,2025-03-04
10632,Customer_632,Female,47,Gurugram,2025-05-17
10633,Customer_633,Male,57,Noida,2025-04-14
10634,Customer_634,Male,42,Noida,2024-09-11
10635,Customer_635,Male,21,Delhi,2025-11-20
10636,Customer_636,Male,19,Delhi,2025-06-21
10637,Customer_637,Female,32,Mohali,2024-08-17
10638,Customer_638,Female,49,Gurugram,2025-01-26
10639,Customer_639,Female,24,Gurugram,2024-04-07
10640,Customer_640,Female,54,Noida,2026-04-10
10641,Customer_641,Female,28,Noida,2025-11-08
10642,Customer_642,Female,39,Mohali,2024-09-16
10643,Customer_643,Male,26,Gurugram,2025-08-30
10644,Customer_644,Male,38,Gurugram,2025-09-03
10645,Customer_645,Female,37,Mohali,2025-07-02
10646,Customer_646,Female,18,Noida,2024-02-18
10647,Customer_647,Male,42,Chandigarh,2026-03-01
10648,Customer_648,Male,51,Noida,2026-05-10
10649,Customer_649,Female,58,Gurugram,2026-05-26
10650,Customer_650,Male,32,Chandigarh,2026-06-01
10651,Customer_651,Male,55,Delhi,2026-04-15
10652,Customer_652,Female,55,Chandigarh,2025-10-27
10653,Customer_653,Female,60,Gurugram,2024-02-21
10654,Customer_654,Male,34,Gurugram,2025-02-22
10655,Customer_655,Female,54,Delhi,2024-08-08
10656,Customer_656,Male,42,Noida,2024-07-16
10657,Customer_657,Female,20,Chandigarh,2026-01-17
10658,Customer_658,Male,29,Panchkula,2026-01-01
10659,Customer_659,Female,46,Mohali,2025-04-14
10660,Customer_660,Male,24,Chandigarh,2025-10-24
10661,Customer_661,Male,36,Delhi,2024-04-26
10662,Customer_662,Female,51,Panchkula,2024-07-18
10663,Customer_663,Male,24,Mohali,2026-02-13
10664,Customer_664,Male,39,Mohali,2025-02-10
10665,Customer_665,Male,27,Noida,2025-05-06
10666,Customer_666,Female,41,Panchkula,2025-02-20
10667,Customer_667,Female,28,Noida,2024-06-30
10668,Customer_668,Other,59,Mohali,2026-01-13
10669,Customer_669,Male,21,Mohali,2025-11-13
10670,Customer_670,Male,59,Delhi,2025-09-07
10671,Customer_671,Male,52,Mohali,2024-11-13
10672,Customer_672,Male,54,Panchkula,2025-08-01
10673,Customer_673,Other,54,Delhi,2026-05-07
10674,Customer_674,Female,26,Chandigarh,2025-08-07
10675,Customer_675,Female,58,Mohali,2025-03-20
10676,Customer_676,Male,43,Delhi,2024-08-31
10677,Customer_677,Female,59,Mohali,2025-04-15
10678,Customer_678,Male,55,Gurugram,2024-11-30
10679,Customer_679,Male,42,Panchkula,2025-07-04
10680,Customer_680,Male,34,Noida,2024-02-11
10681,Customer_681,Male,23,Gurugram,2024-06-20
10682,Customer_682,Male,22,Noida,2025-12-09
10683,Customer_683,Male,34,Gurugram,2024-12-08
10684,Customer_684,Male,52,Chandigarh,2025-01-24
10685,Customer_685,Female,39,Delhi,2025-05-04
10686,Customer_686,Male,38,Panchkula,2025-01-29
10687,Customer_687,Male,28,Gurugram,2025-11-13
10688,Customer_688,Female,42,Delhi,2024-08-08
10689,Customer_689,Female,45,Panchkula,2025-11-13
10690,Customer_690,Male,60,Noida,2024-07-07
10691,Customer_691,Male,49,Chandigarh,2024-11-29
10692,Customer_692,Female,44,Delhi,2025-06-13
10693,Customer_693,Male,57,Gurugram,2026-03-08
10694,Customer_694,Male,36,Chandigarh,2024-07-28
10695,Customer_695,Female,58,Delhi,2025-06-12
10696,Customer_696,Male,33,Gurugram,2024-02-27
10697,Customer_697,Female,23,Chandigarh,2024-03-08
10698,Customer_698,Female,35,Delhi,2025-11-21
10699,Customer_699,Female,23,Panchkula,2025-10-09
10700,Customer_700,Male,23,Gurugram,2024-12-04
10701,Customer_701,Male,55,Chandigarh,2025-07-14
10702,Customer_702,Male,52,Noida,2024-12-08
10703,Customer_703,Male,27,Noida,2024-09-06
10704,Customer_704,Female,54,Panchkula,2025-01-23
10705,Customer_705,Male,20,Mohali,2024-10-07
10706,Customer_706,Male,30,Delhi,2026-01-03
10707,Customer_707,Female,48,Gurugram,2025-01-05
10708,Customer_708,Female,31,Delhi,2024-10-15
10709,Customer_709,Male,49,Chandigarh,2025-04-27
10710,Customer_710,Male,55,Chandigarh,2025-11-13
10711,Customer_711,Other,20,Noida,2024-09-03
10712,Customer_712,Female,19,Delhi,2026-04-25
10713,Customer_713,Female,58,Noida,2025-02-21
10714,Customer_714,Female,40,Delhi,2025-08-17
10715,Customer_715,Female,39,Noida,2026-05-11
10716,Customer_716,Male,37,Chandigarh,2025-01-23
10717,Customer_717,Male,36,Chandigarh,2024-06-28
10718,Customer_718,Male,47,Noida,2025-11-04
10719,Customer_719,Female,42,Noida,2024-01-06
10720,Customer_720,Female,25,Mohali,2025-02-16
10721,Customer_721,Male,44,Mohali,2026-05-31
10722,Customer_722,Male,46,Delhi,2025-01-07
10723,Customer_723,Male,22,Mohali,2025-09-07
10724,Customer_724,Female,34,Panchkula,2025-04-17
10725,Customer_725,Male,51,Noida,2024-07-12
10726,Customer_726,Male,44,Panchkula,2024-10-12
10727,Customer_727,Male,23,Gurugram,2025-04-16
10728,Customer_728,Male,19,Chandigarh,2024-04-03
10729,Customer_729,Male,42,Chandigarh,2025-01-08
10730,Customer_730,Male,37,Delhi,2025-01-08
10731,Customer_731,Male,59,Mohali,2026-01-21
10732,Customer_732,Male,40,Delhi,2024-04-21
10733,Customer_733,Male,58,Chandigarh,2026-01-28
10734,Customer_734,Male,27,Noida,2025-01-04
10735,Customer_735,Male,37,Gurugram,2025-08-09
10736,Customer_736,Female,24,Noida,2025-05-16
10737,Customer_737,Male,42,Chandigarh,2024-09-26
10738,Customer_738,Male,26,Mohali,2026-04-17
10739,Customer_739,Male,39,Mohali,2024-07-21
10740,Customer_740,Male,32,Delhi,2024-02-02
10741,Customer_741,Male,25,Panchkula,2025-11-06
10742,Customer_742,Male,22,Chandigarh,2025-07-13
10743,Customer_743,Female,40,Mohali,2026-03-12
10744,Customer_744,Male,58,Panchkula,2025-02-15
10745,Customer_745,Male,26,Mohali,2024-01-16
10746,Customer_746,Male,35,Panchkula,2024-01-19
10747,Customer_747,Male,27,Panchkula,2025-01-24
10748,Customer_748,Male,52,Delhi,2024-08-12
10749,Customer_749,Female,35,Mohali,2026-04-09
10750,Customer_750,Female,59,Mohali,2024-04-16
10751,Customer_751,Male,28,Delhi,2026-03-03
10752,Customer_752,Male,21,Gurugram,2024-07-14
10753,Customer_753,Male,43,Mohali,2024-04-17
10754,Customer_754,Male,46,Delhi,2024-09-04
10755,Customer_755,Female,60,Noida,2024-05-09
10756,Customer_756,Male,55,Delhi,2024-12-27
10757,Customer_757,Male,56,Noida,2024-10-24
10758,Customer_758,Female,45,Gurugram,2025-04-21
10759,Customer_759,Male,33,Chandigarh,2025-04-28
10760,Customer_760,Male,36,Mohali,2024-01-01
10761,Customer_761,Female,23,Gurugram,2024-04-22
10762,Customer_762,Male,36,Noida,2024-05-25
10763,Customer_763,Male,33,Delhi,2024-06-24
10764,Customer_764,Male,19,Chandigarh,2024-03-25
10765,Customer_765,Female,26,Delhi,2024-10-10
10766,Customer_766,Male,40,Chandigarh,2025-05-09
10767,Customer_767,Male,33,Gurugram,2024-10-05
10768,Customer_768,Male,60,Delhi,2024-10-23
10769,Customer_769,Male,38,Gurugram,2025-02-26
10770,Customer_770,Female,59,Noida,2025-05-08
10771,Customer_771,Male,46,Delhi,2024-10-24
10772,Customer_772,Male,19,Delhi,2024-07-18
10773,Customer_773,Female,26,Gurugram,2025-01-03
10774,Customer_774,Female,48,Noida,2024-01-22
10775,Customer_775,Male,41,Noida,2025-03-19
10776,Customer_776,Female,30,Chandigarh,2026-04-27
10777,Customer_777,Female,40,Delhi,2024-12-24
10778,Customer_778,Male,56,Panchkula,2024-04-07
10779,Customer_779,Female,34,Noida,2025-09-28
10780,Customer_780,Female,19,Delhi,2024-04-24
10781,Customer_781,Male,31,Mohali,2024-06-23
10782,Customer_782,Female,58,Panchkula,2024-05-11
10783,Customer_783,Male,50,Mohali,2026-03-06
10784,Customer_784,Female,54,Gurugram,2026-06-02
10785,Customer_785,Other,57,Panchkula,2025-05-27
10786,Customer_786,Male,23,Chandigarh,2025-07-09
10787,Customer_787,Female,30,Noida,2025-08-03
10788,Customer_788,Male,20,Gurugram,2025-07-03
10789,Customer_789,Female,18,Panchkula,2025-05-04
10790,Customer_790,Female,53,Panchkula,2026-06-07
10791,Customer_791,Male,58,Noida,2025-10-21
10792,Customer_792,Male,24,Gurugram,2024-03-20
10793,Customer_793,Male,49,Delhi,2024-12-18
10794,Customer_794,Male,41,Mohali,2026-05-27
10795,Customer_795,Male,20,Panchkula,2024-12-29
10796,Customer_796,Male,57,Chandigarh,2024-07-02
10797,Customer_797,Male,55,Gurugram,2026-02-20
10798,Customer_798,Male,42,Chandigarh,2025-07-14
10799,Customer_799,Female,48,Chandigarh,2025-05-21
10800,Customer_800,Female,35,Gurugram,2025-01-13
10801,Customer_801,Female,52,Noida,2024-04-21
10802,Customer_802,Male,37,Gurugram,2024-12-11
10803,Customer_803,Female,60,Delhi,2025-01-28
10804,Customer_804,Female,20,Delhi,2026-04-18
10805,Customer_805,Male,25,Mohali,2024-10-03
10806,Customer_806,Male,59,Mohali,2024-05-14
10807,Customer_807,Female,30,Delhi,2025-01-19
10808,Customer_808,Male,31,Mohali,2026-06-16
10809,Customer_809,Male,52,Delhi,2025-03-09
10810,Customer_810,Other,26,Noida,2024-12-07
10811,Customer_811,Male,40,Noida,2025-08-23
10812,Customer_812,Male,30,Chandigarh,2025-08-06
10813,Customer_813,Other,26,Mohali,2024-09-26
10814,Customer_814,Female,59,Panchkula,2026-05-21
10815,Customer_815,Male,26,Mohali,2025-06-17
10816,Customer_816,Female,22,Panchkula,2024-02-21
10817,Customer_817,Female,46,Panchkula,2025-01-01
10818,Customer_818,Male,55,Gurugram,2026-04-10
10819,Customer_819,Female,23,Delhi,2024-12-20
10820,Customer_820,Male,48,Noida,2025-05-26
10821,Customer_821,Male,41,Chandigarh,2025-07-05
10822,Customer_822,Female,53,Chandigarh,2025-09-25
10823,Customer_823,Male,23,Mohali,2026-02-24
10824,Customer_824,Female,59,Chandigarh,2024-05-14
10825,Customer_825,Female,44,Panchkula,2025-04-10
10826,Customer_826,Male,54,Noida,2025-04-25
10827,Customer_827,Female,33,Panchkula,2024-05-17
10828,Customer_828,Male,58,Panchkula,2025-08-29
10829,Customer_829,Female,44,Delhi,2024-04-16
10830,Customer_830,Male,23,Delhi,2025-02-14
10831,Customer_831,Female,57,Delhi,2024-10-24
10832,Customer_832,Male,52,Mohali,2024-05-19
10833,Customer_833,Male,30,Gurugram,2026-01-10
10834,Customer_834,Female,41,Chandigarh,2024-08-07
10835,Customer_835,Female,34,Mohali,2024-08-17
10836,Customer_836,Male,41,Gurugram,2026-02-07
10837,Customer_837,Female,59,Noida,2026-02-28
10838,Customer_838,Other,56,Mohali,2024-02-01
10839,Customer_839,Male,27,Delhi,2024-09-07
10840,Customer_840,Male,59,Chandigarh,2025-09-29
10841,Customer_841,Male,36,Panchkula,2025-12-01
10842,Customer_842,Female,48,Chandigarh,2026-06-18
10843,Customer_843,Male,50,Gurugram,2025-05-14
10844,Customer_844,Male,38,Panchkula,2024-01-07
10845,Customer_845,Male,37,Gurugram,2026-02-25
10846,Customer_846,Female,37,Chandigarh,2024-05-24
10847,Customer_847,Male,55,Noida,2024-04-18
10848,Customer_848,Female,34,Gurugram,2025-08-29
10849,Customer_849,Male,30,Chandigarh,2025-06-27
10850,Customer_850,Female,33,Chandigarh,2024-02-23
10851,Customer_851,Male,26,Chandigarh,2024-06-01
10852,Customer_852,Male,34,Noida,2025-06-14
10853,Customer_853,Female,22,Panchkula,2024-08-17
10854,Customer_854,Female,21,Delhi,2025-09-07
10855,Customer_855,Male,49,Mohali,2025-01-05
10856,Customer_856,Male,21,Gurugram,2025-06-13
10857,Customer_857,Female,42,Delhi,2025-03-03
10858,Customer_858,Female,51,Delhi,2024-11-24
10859,Customer_859,Male,49,Noida,2024-11-04
10860,Customer_860,Male,37,Chandigarh,2025-09-19
10861,Customer_861,Female,26,Gurugram,2025-04-07
10862,Customer_862,Female,58,Chandigarh,2025-06-18
10863,Customer_863,Female,53,Delhi,2025-06-03
10864,Customer_864,Male,44,Noida,2024-07-05
10865,Customer_865,Male,21,Gurugram,2026-04-01
10866,Customer_866,Female,19,Gurugram,2025-05-21
10867,Customer_867,Female,31,Panchkula,2025-10-08
10868,Customer_868,Female,24,Mohali,2026-03-04
10869,Customer_869,Male,54,Mohali,2026-04-12
10870,Customer_870,Male,26,Delhi,2025-08-23
10871,Customer_871,Female,30,Delhi,2025-12-09
10872,Customer_872,Male,59,Mohali,2025-02-28
10873,Customer_873,Female,53,Mohali,2025-10-26
10874,Customer_874,Male,27,Panchkula,2024-10-16
10875,Customer_875,Female,34,Mohali,2025-10-02
10876,Customer_876,Female,40,Chandigarh,2024-03-18
10877,Customer_877,Male,46,Noida,2026-04-02
10878,Customer_878,Male,58,Delhi,2024-08-08
10879,Customer_879,Female,55,Chandigarh,2025-08-13
10880,Customer_880,Female,60,Gurugram,2024-01-11
10881,Customer_881,Male,19,Noida,2024-05-20
10882,Customer_882,Female,28,Panchkula,2026-06-06
10883,Customer_883,Female,42,Chandigarh,2026-01-20
10884,Customer_884,Male,20,Chandigarh,2024-07-19
10885,Customer_885,Male,33,Chandigarh,2024-04-27
10886,Customer_886,Male,24,Gurugram,2026-01-03
10887,Customer_887,Male,58,Noida,2026-06-10
10888,Customer_888,Male,20,Chandigarh,2024-05-31
10889,Customer_889,Male,24,Gurugram,2025-08-20
10890,Customer_890,Female,26,Chandigarh,2024-09-12
10891,Customer_891,Male,24,Delhi,2025-10-31
10892,Customer_892,Female,42,Gurugram,2025-01-11
10893,Customer_893,Male,33,Mohali,2024-04-22
10894,Customer_894,Male,57,Chandigarh,2024-10-18
10895,Customer_895,Female,29,Delhi,2025-04-29
10896,Customer_896,Female,41,Noida,2025-12-19
10897,Customer_897,Male,46,Panchkula,2024-01-19
10898,Customer_898,Male,44,Panchkula,2026-05-11
10899,Customer_899,Male,52,Chandigarh,2025-08-07
10900,Customer_900,Male,26,Delhi,2026-02-26
10901,Customer_901,Male,39,Delhi,2026-04-17
10902,Customer_902,Male,52,Gurugram,2024-05-18
10903,Customer_903,Male,55,Gurugram,2024-03-25
10904,Customer_904,Male,44,Noida,2025-11-30
10905,Customer_905,Female,46,Gurugram,2024-06-18
10906,Customer_906,Female,55,Panchkula,2024-05-13
10907,Customer_907,Male,44,Delhi,2025-02-25
10908,Customer_908,Male,58,Panchkula,2026-04-02
10909,Customer_909,Male,23,Mohali,2025-12-17
10910,Customer_910,Male,32,Noida,2025-04-11
10911,Customer_911,Female,22,Gurugram,2024-06-25
10912,Customer_912,Female,21,Noida,2024-10-29
10913,Customer_913,Female,38,Mohali,2025-09-11
10914,Customer_914,Other,27,Delhi,2024-05-21
10915,Customer_915,Other,35,Delhi,2025-04-16
10916,Customer_916,Female,36,Chandigarh,2024-01-11
10917,Customer_917,Male,44,Panchkula,2024-10-19
10918,Customer_918,Male,58,Delhi,2024-08-11
10919,Customer_919,Male,54,Chandigarh,2025-09-04
10920,Customer_920,Male,34,Noida,2026-04-02
10921,Customer_921,Male,32,Chandigarh,2024-05-11
10922,Customer_922,Female,51,Panchkula,2025-12-18
10923,Customer_923,Female,23,Gurugram,2025-08-13
10924,Customer_924,Male,41,Chandigarh,2026-05-22
10925,Customer_925,Male,36,Noida,2026-03-31
10926,Customer_926,Male,25,Gurugram,2024-03-31
10927,Customer_927,Male,44,Chandigarh,2025-10-30
10928,Customer_928,Female,31,Gurugram,2025-06-16
10929,Customer_929,Female,25,Delhi,2024-04-11
10930,Customer_930,Female,46,Gurugram,2024-08-19
10931,Customer_931,Male,25,Gurugram,2026-04-14
10932,Customer_932,Male,46,Gurugram,2025-05-03
10933,Customer_933,Male,24,Delhi,2024-10-31
10934,Customer_934,Female,36,Mohali,2024-10-15
10935,Customer_935,Female,52,Gurugram,2026-01-24
10936,Customer_936,Male,27,Noida,2024-09-12
10937,Customer_937,Female,51,Delhi,2024-05-23
10938,Customer_938,Male,49,Gurugram,2025-05-31
10939,Customer_939,Female,56,Mohali,2026-06-12
10940,Customer_940,Male,25,Gurugram,2024-06-13
10941,Customer_941,Male,48,Noida,2024-08-17
10942,Customer_942,Female,58,Panchkula,2025-02-26
10943,Customer_943,Male,50,Panchkula,2024-06-28
10944,Customer_944,Male,26,Delhi,2025-08-08
10945,Customer_945,Male,53,Delhi,2024-08-16
10946,Customer_946,Male,22,Delhi,2024-04-25
10947,Customer_947,Female,43,Chandigarh,2024-08-23
10948,Customer_948,Female,39,Mohali,2026-04-17
10949,Customer_949,Female,40,Delhi,2026-04-21
10950,Customer_950,Male,40,Delhi,2025-03-31
10951,Customer_951,Male,19,Delhi,2024-12-26
10952,Customer_952,Male,39,Gurugram,2026-01-07
10953,Customer_953,Male,58,Delhi,2024-06-23
10954,Customer_954,Male,36,Gurugram,2025-08-11
10955,Customer_955,Female,29,Delhi,2025-09-04
10956,Customer_956,Female,60,Delhi,2025-10-01
10957,Customer_957,Female,22,Delhi,2024-07-15
10958,Customer_958,Male,38,Chandigarh,2025-10-06
10959,Customer_959,Male,40,Panchkula,2025-07-04
10960,Customer_960,Male,38,Delhi,2026-02-26
10961,Customer_961,Male,57,Noida,2024-06-05
10962,Customer_962,Male,36,Gurugram,2025-07-06
10963,Customer_963,Male,59,Chandigarh,2026-01-16
10964,Customer_964,Male,20,Delhi,2024-09-07
10965,Customer_965,Female,49,Panchkula,2025-10-31
10966,Customer_966,Male,43,Gurugram,2024-03-30
10967,Customer_967,Female,28,Gurugram,2025-10-08
10968,Customer_968,Male,27,Delhi,2025-06-29
10969,Customer_969,Male,48,Delhi,2024-06-22
10970,Customer_970,Male,45,Mohali,2024-02-29
10971,Customer_971,Male,44,Delhi,2025-11-01
10972,Customer_972,Male,20,Noida,2024-08-05
10973,Customer_973,Male,43,Gurugram,2025-03-23
10974,Customer_974,Female,60,Delhi,2024-02-24
10975,Customer_975,Male,18,Mohali,2026-05-17
10976,Customer_976,Female,38,Chandigarh,2025-05-08
10977,Customer_977,Male,39,Chandigarh,2026-04-18
10978,Customer_978,Male,56,Panchkula,2024-05-24
10979,Customer_979,Male,30,Mohali,2024-07-04
10980,Customer_980,Male,38,Noida,2025-07-03
10981,Customer_981,Other,48,Delhi,2025-06-28
10982,Customer_982,Female,20,Panchkula,2025-12-12
10983,Customer_983,Female,52,Chandigarh,2026-04-15
10984,Customer_984,Male,53,Mohali,2026-01-09
10985,Customer_985,Male,48,Gurugram,2024-05-06
10986,Customer_986,Female,45,Mohali,2024-10-05
10987,Customer_987,Male,50,Gurugram,2026-04-02
10988,Customer_988,Male,51,Gurugram,2025-05-09
10989,Customer_989,Male,56,Chandigarh,2026-02-19
10990,Customer_990,Female,36,Delhi,2025-05-21
10991,Customer_991,Female,37,Noida,2024-02-14
10992,Customer_992,Female,45,Mohali,2025-03-01
10993,Customer_993,Female,26,Chandigarh,2026-01-12
10994,Customer_994,Male,54,Noida,2025-08-12
10995,Customer_995,Female,51,Noida,2024-04-29
10996,Customer_996,Male,45,Delhi,2024-07-08
10997,Customer_997,Female,30,Delhi,2026-02-07
10998,Customer_998,Male,32,Panchkula,2026-05-31
10999,Customer_999,Other,36,Gurugram,2025-11-08
11000,Customer_1000,Male,46,Delhi,2024-03-29
