driver_id,driver_name,gender,age,city,joining_date,rating
20001,Driver_1,Male,42,Noida,19-06-2025,4.51
20002,Driver_2,Male,51,Mohali,19-02-2024,4.33
20003,Driver_3,Male,33,Panchkula,27-08-2025,4.35
20004,Driver_4,Male,57,Noida,24-07-2024,4.58
20005,Driver_5,Male,53,Gurugram,21-01-2024,4.1
20006,Driver_6,Male,57,Chandigarh,01-01-2023,4.36
20007,Driver_7,Male,50,Chandigarh,03-09-2024,4.24
20008,Driver_8,Male,46,Chandigarh,06-10-2024,3.8
20009,Driver_9,Male,42,Delhi,26-08-2025,4.03
20010,Driver_10,Male,58,Chandigarh,19-12-2024,4.9
20011,Driver_11,Male,54,Noida,30-01-2023,4.48
20012,Driver_12,Male,37,Noida,21-07-2024,3.89
20013,Driver_13,Male,24,Delhi,12-01-2025,3.81
20014,Driver_14,Male,21,Delhi,11-05-2024,4.31
20015,Driver_15,Male,30,Panchkula,05-03-2024,4.9
20016,Driver_16,Male,23,Chandigarh,20-03-2025,4.28
20017,Driver_17,Female,29,Gurugram,03-09-2024,4.81
20018,Driver_18,Male,25,Chandigarh,12-11-2024,4.47
20019,Driver_19,Male,60,Chandigarh,09-04-2024,4.51
20020,Driver_20,Male,24,Mohali,06-10-2023,3.88
20021,Driver_21,Male,46,Chandigarh,03-06-2024,4.68
20022,Driver_22,Male,35,Mohali,17-08-2025,4.23
20023,Driver_23,Male,27,Gurugram,25-08-2024,4.65
20024,Driver_24,Male,49,Gurugram,08-12-2024,4.07
20025,Driver_25,Male,59,Delhi,05-05-2023,4.41
20026,Driver_26,Male,52,Noida,14-09-2025,4.47
20027,Driver_27,Male,60,Mohali,02-09-2023,4.3
20028,Driver_28,Male,44,Noida,29-08-2025,4.49
20029,Driver_29,Male,47,Delhi,21-03-2024,4.26
20030,Driver_30,Male,26,Panchkula,07-07-2025,4.12
20031,Driver_31,Male,55,Noida,10-06-2025,4.91
20032,Driver_32,Male,50,Panchkula,25-01-2025,4.72
20033,Driver_33,Male,31,Chandigarh,05-07-2025,4.08
20034,Driver_34,Male,35,Panchkula,01-09-2024,4.55
20035,Driver_35,Female,45,Mohali,28-04-2025,4.09
20036,Driver_36,Male,21,Mohali,22-06-2023,3.94
20037,Driver_37,Male,53,Delhi,12-03-2023,4.71
20038,Driver_38,Male,32,Noida,27-06-2024,3.75
20039,Driver_39,Male,23,Panchkula,20-03-2025,4.67
20040,Driver_40,Male,34,Delhi,04-02-2025,4.26
20041,Driver_41,Male,54,Mohali,11-06-2024,4.28
20042,Driver_42,Female,31,Gurugram,04-06-2024,4.49
20043,Driver_43,Male,42,Chandigarh,01-09-2024,4.55
20044,Driver_44,Male,53,Chandigarh,18-05-2025,4.06
20045,Driver_45,Male,22,Delhi,21-04-2025,4.6
20046,Driver_46,Female,51,Gurugram,20-04-2023,4.39
20047,Driver_47,Male,32,Gurugram,18-08-2024,3.91
20048,Driver_48,Male,48,Delhi,16-01-2024,4.29
20049,Driver_49,Female,28,Gurugram,10-03-2025,4.83
20050,Driver_50,Male,26,Mohali,20-05-2024,4.94
20051,Driver_51,Male,52,Chandigarh,18-09-2025,4.6
20052,Driver_52,Male,53,Chandigarh,08-03-2024,3.93
20053,Driver_53,Male,60,Chandigarh,10-11-2024,4.52
20054,Driver_54,Male,48,Mohali,19-04-2023,4.65
20055,Driver_55,Male,39,Delhi,21-07-2025,4.6
20056,Driver_56,Male,28,Mohali,03-06-2023,4.62
20057,Driver_57,Male,32,Delhi,14-01-2024,4.48
20058,Driver_58,Male,46,Delhi,17-04-2025,4.32
20059,Driver_59,Male,34,Gurugram,25-08-2025,4.14
20060,Driver_60,Male,40,Gurugram,29-04-2024,3.69
20061,Driver_61,Male,27,Mohali,29-04-2024,4.47
20062,Driver_62,Male,38,Mohali,18-02-2023,4.42
20063,Driver_63,Male,30,Delhi,05-09-2025,4.55
20064,Driver_64,Male,25,Delhi,17-01-2023,3.88
20065,Driver_65,Male,26,Mohali,27-01-2023,4.58
20066,Driver_66,Male,41,Mohali,18-04-2024,5
20067,Driver_67,Male,35,Gurugram,04-01-2023,4.38
20068,Driver_68,Male,24,Delhi,14-06-2023,4.33
20069,Driver_69,Male,41,Chandigarh,19-09-2024,4.46
20070,Driver_70,Male,27,Delhi,06-12-2024,5
20071,Driver_71,Male,21,Noida,26-10-2023,3.99
20072,Driver_72,Female,26,Chandigarh,06-03-2025,4.42
20073,Driver_73,Male,38,Noida,30-08-2024,4.07
20074,Driver_74,Male,59,Panchkula,17-08-2023,4.16
20075,Driver_75,Male,30,Delhi,13-12-2024,4.33
20076,Driver_76,Female,32,Mohali,15-08-2024,4.82
20077,Driver_77,Male,30,Chandigarh,23-03-2025,4.98
20078,Driver_78,Male,35,Noida,04-06-2023,4.51
20079,Driver_79,Male,49,Delhi,19-08-2023,4.22
20080,Driver_80,Male,33,Noida,31-10-2023,5
20081,Driver_81,Male,47,Panchkula,08-12-2023,4.2
20082,Driver_82,Male,56,Noida,07-06-2025,4.15
20083,Driver_83,Male,58,Noida,02-01-2025,3.73
20084,Driver_84,Male,43,Delhi,28-06-2024,4.84
20085,Driver_85,Male,49,Panchkula,24-06-2024,4.69
20086,Driver_86,Male,57,Gurugram,04-06-2025,5
20087,Driver_87,Male,52,Delhi,22-03-2024,3.86
20088,Driver_88,Male,32,Noida,14-08-2023,4.86
20089,Driver_89,Male,26,Mohali,17-05-2023,4.37
20090,Driver_90,Female,25,Panchkula,27-11-2023,4.63
20091,Driver_91,Male,56,Chandigarh,15-10-2024,3.77
20092,Driver_92,Female,43,Gurugram,15-04-2024,4.86
20093,Driver_93,Male,32,Noida,26-02-2024,4.63
20094,Driver_94,Female,34,Chandigarh,25-04-2024,4.34
20095,Driver_95,Male,32,Gurugram,01-09-2025,4.58
20096,Driver_96,Male,53,Noida,24-09-2025,4.08
20097,Driver_97,Male,45,Chandigarh,11-06-2023,4.15
20098,Driver_98,Male,56,Chandigarh,25-04-2023,4.19
20099,Driver_99,Male,33,Gurugram,02-09-2023,3.7
20100,Driver_100,Male,39,Delhi,01-05-2025,4.65
20101,Driver_101,Female,25,Chandigarh,04-04-2024,4.77
20102,Driver_102,Male,59,Gurugram,13-05-2025,4.1
20103,Driver_103,Female,41,Delhi,08-10-2024,4.47
20104,Driver_104,Male,43,Noida,07-07-2024,4.26
20105,Driver_105,Male,37,Noida,09-10-2023,4.46
20106,Driver_106,Male,31,Gurugram,11-12-2023,4.13
20107,Driver_107,Male,58,Delhi,28-05-2023,4.04
20108,Driver_108,Male,40,Panchkula,03-06-2024,4.72
20109,Driver_109,Male,47,Delhi,08-10-2023,4.33
20110,Driver_110,Female,22,Chandigarh,20-10-2023,5
20111,Driver_111,Male,32,Delhi,09-02-2023,4.37
20112,Driver_112,Male,53,Chandigarh,10-03-2025,4.03
20113,Driver_113,Male,24,Delhi,28-07-2025,4.78
20114,Driver_114,Male,25,Chandigarh,13-05-2024,4.57
20115,Driver_115,Male,53,Panchkula,20-06-2024,4.6
20116,Driver_116,Male,33,Panchkula,14-07-2025,4.77
20117,Driver_117,Male,31,Delhi,26-05-2024,4.12
20118,Driver_118,Male,43,Gurugram,14-09-2024,4.31
20119,Driver_119,Male,28,Chandigarh,04-03-2024,4.29
20120,Driver_120,Male,22,Noida,29-05-2024,3.9
20121,Driver_121,Male,21,Noida,05-06-2024,4.26
20122,Driver_122,Male,24,Mohali,12-12-2024,4.82
20123,Driver_123,Male,27,Delhi,27-08-2024,4.43
20124,Driver_124,Male,48,Mohali,18-05-2024,3.88
20125,Driver_125,Male,32,Chandigarh,17-03-2023,3.81
20126,Driver_126,Male,23,Delhi,23-06-2025,4.93
20127,Driver_127,Male,21,Chandigarh,07-06-2025,4.32
20128,Driver_128,Male,40,Noida,04-07-2023,4.12
20129,Driver_129,Male,54,Noida,21-10-2023,4.25
20130,Driver_130,Female,34,Gurugram,31-08-2025,3.83
20131,Driver_131,Male,23,Delhi,18-11-2023,4.85
20132,Driver_132,Female,30,Delhi,23-03-2025,4.21
20133,Driver_133,Male,40,Noida,24-02-2025,4.83
20134,Driver_134,Male,28,Panchkula,10-05-2025,4.37
20135,Driver_135,Male,60,Chandigarh,17-01-2023,4.85
20136,Driver_136,Male,51,Delhi,27-04-2024,4.44
20137,Driver_137,Male,34,Mohali,19-07-2024,4.65
20138,Driver_138,Male,59,Mohali,17-04-2025,4.6
20139,Driver_139,Male,34,Chandigarh,13-08-2023,4.57
20140,Driver_140,Male,26,Delhi,03-11-2023,4.47
20141,Driver_141,Male,58,Panchkula,29-06-2023,4.27
20142,Driver_142,Male,59,Panchkula,31-01-2025,5
20143,Driver_143,Female,33,Chandigarh,25-09-2025,4.03
20144,Driver_144,Male,44,Mohali,21-05-2023,4.35
20145,Driver_145,Male,27,Noida,22-08-2023,4.36
20146,Driver_146,Male,46,Mohali,04-11-2023,4.49
20147,Driver_147,Male,48,Gurugram,08-06-2025,4.2
20148,Driver_148,Male,49,Gurugram,21-03-2024,4.46
20149,Driver_149,Male,43,Mohali,09-10-2023,4.29
20150,Driver_150,Male,49,Gurugram,19-11-2023,3.8
20151,Driver_151,Male,43,Gurugram,21-08-2024,4.35
20152,Driver_152,Male,53,Delhi,23-01-2024,3.96
20153,Driver_153,Male,28,Chandigarh,21-05-2023,3.74
20154,Driver_154,Male,40,Chandigarh,31-03-2025,4.4
20155,Driver_155,Male,37,Noida,27-02-2024,4.52
20156,Driver_156,Male,42,Gurugram,14-09-2023,4.53
20157,Driver_157,Male,26,Noida,29-12-2024,4.55
20158,Driver_158,Male,33,Noida,15-01-2025,3.67
20159,Driver_159,Female,59,Chandigarh,05-06-2023,3.87
20160,Driver_160,Male,25,Gurugram,15-03-2023,5
20161,Driver_161,Female,46,Delhi,15-02-2023,3.98
20162,Driver_162,Female,47,Gurugram,04-02-2025,4.56
20163,Driver_163,Male,39,Chandigarh,17-09-2024,4.11
20164,Driver_164,Male,22,Panchkula,03-03-2025,4.38
20165,Driver_165,Male,22,Gurugram,18-09-2024,4.13
20166,Driver_166,Male,32,Gurugram,06-02-2024,4.55
20167,Driver_167,Male,25,Delhi,12-08-2024,4.4
20168,Driver_168,Male,24,Mohali,23-12-2024,4.19
20169,Driver_169,Male,27,Mohali,03-02-2024,3.98
20170,Driver_170,Male,28,Noida,04-07-2025,4.44
20171,Driver_171,Female,54,Mohali,18-06-2025,3.93
20172,Driver_172,Male,46,Delhi,11-03-2025,4.5
20173,Driver_173,Male,22,Delhi,19-09-2025,5
20174,Driver_174,Female,46,Mohali,26-01-2024,4.82
20175,Driver_175,Male,26,Delhi,25-04-2023,4.6
20176,Driver_176,Male,37,Mohali,29-04-2024,4.32
20177,Driver_177,Male,22,Gurugram,15-01-2025,3.67
20178,Driver_178,Male,24,Noida,18-02-2025,3.89
20179,Driver_179,Male,26,Noida,24-01-2024,4.8
20180,Driver_180,Male,38,Delhi,20-10-2023,4.07
20181,Driver_181,Female,39,Delhi,21-03-2024,4.11
20182,Driver_182,Male,35,Gurugram,14-03-2025,4.29
20183,Driver_183,Male,45,Gurugram,02-03-2023,3.98
20184,Driver_184,Male,49,Delhi,25-11-2023,3.92
20185,Driver_185,Male,50,Gurugram,18-08-2023,4.33
20186,Driver_186,Male,44,Gurugram,16-03-2025,4.04
20187,Driver_187,Male,42,Gurugram,14-04-2024,4.09
20188,Driver_188,Male,40,Gurugram,28-03-2023,4.08
20189,Driver_189,Male,30,Panchkula,19-09-2023,4.53
20190,Driver_190,Male,40,Delhi,14-02-2023,4.27
20191,Driver_191,Male,21,Delhi,20-04-2024,4.29
20192,Driver_192,Male,59,Chandigarh,24-09-2025,4.56
20193,Driver_193,Male,35,Noida,21-07-2024,4.3
20194,Driver_194,Male,51,Delhi,19-05-2025,4.25
20195,Driver_195,Male,59,Chandigarh,12-01-2025,4.51
20196,Driver_196,Male,40,Gurugram,01-06-2025,4.58
20197,Driver_197,Male,55,Gurugram,08-11-2023,4.3
20198,Driver_198,Male,40,Gurugram,09-08-2025,4.38
20199,Driver_199,Male,26,Mohali,27-08-2023,4.08
20200,Driver_200,Female,22,Noida,14-03-2024,4.05
