vehicle_id,driver_id,vehicle_type,vehicle_model,vehicle_year
30001,20001,Bike,TVS Jupiter,2022
30002,20002,Bike,Honda Activa,2021
30003,20003,Bike,Honda Activa,2021
30004,20004,Sedan,Honda Amaze,2026
30005,20005,Sedan,Honda Amaze,2024
30006,20006,SUV,Hyundai Creta,2019
30007,20007,Sedan,Maruti Dzire,2026
30008,20008,Sedan,Honda Amaze,2024
30009,20009,Bike,Bajaj Pulsar,2019
30010,20010,Sedan,Maruti Dzire,2024
30011,20011,Bike,TVS Jupiter,2023
30012,20012,Auto,Bajaj RE,2026
30013,20013,Auto,Bajaj RE,2022
30014,20014,Auto,Piaggio Ape,2023
30015,20015,Bike,Honda Activa,2021
30016,20016,Sedan,Maruti Dzire,2021
30017,20017,Sedan,Hyundai Aura,2023
30018,20018,Sedan,Maruti Dzire,2025
30019,20019,Sedan,Maruti Dzire,2026
30020,20020,Auto,Piaggio Ape,2025
30021,20021,Bike,TVS Jupiter,2023
30022,20022,Sedan,Maruti Dzire,2023
30023,20023,Auto,Bajaj RE,2021
30024,20024,Bike,TVS Jupiter,2025
30025,20025,Auto,Bajaj RE,2021
30026,20026,SUV,Kia Seltos,2021
30027,20027,Sedan,Honda Amaze,2025
30028,20028,Auto,Bajaj RE,2023
30029,20029,Sedan,Hyundai Aura,2021
30030,20030,Auto,Bajaj RE,2025
30031,20031,Auto,Piaggio Ape,2026
30032,20032,Bike,Honda Activa,2021
30033,20033,Auto,Bajaj RE,2023
30034,20034,Sedan,Hyundai Aura,2022
30035,20035,Bike,Bajaj Pulsar,2024
30036,20036,Sedan,Maruti Dzire,2026
30037,20037,Bike,Bajaj Pulsar,2023
30038,20038,Sedan,Maruti Dzire,2025
30039,20039,Sedan,Honda Amaze,2023
30040,20040,Sedan,Maruti Dzire,2026
30041,20041,Sedan,Honda Amaze,2022
30042,20042,SUV,Maruti Brezza,2022
30043,20043,Auto,Piaggio Ape,2022
30044,20044,Sedan,Hyundai Aura,2026
30045,20045,Sedan,Maruti Dzire,2023
30046,20046,Bike,Bajaj Pulsar,2020
30047,20047,Bike,TVS Jupiter,2019
30048,20048,Auto,Piaggio Ape,2023
30049,20049,Bike,Bajaj Pulsar,2025
30050,20050,Auto,Piaggio Ape,2022
30051,20051,Auto,Piaggio Ape,2023
30052,20052,Sedan,Honda Amaze,2025
30053,20053,Bike,TVS Jupiter,2023
30054,20054,Sedan,Hyundai Aura,2026
30055,20055,Auto,Bajaj RE,2024
30056,20056,Sedan,Honda Amaze,2024
30057,20057,Bike,Honda Activa,2025
30058,20058,Auto,Bajaj RE,2024
30059,20059,Bike,Bajaj Pulsar,2019
30060,20060,Sedan,Honda Amaze,2022
30061,20061,Auto,Bajaj RE,2020
30062,20062,SUV,Kia Seltos,2023
30063,20063,Auto,Piaggio Ape,2020
30064,20064,Sedan,Maruti Dzire,2023
30065,20065,Bike,Honda Activa,2021
30066,20066,Sedan,Honda Amaze,2019
30067,20067,Auto,Piaggio Ape,2019
30068,20068,Auto,Bajaj RE,2023
30069,20069,Bike,Bajaj Pulsar,2019
30070,20070,Bike,Bajaj Pulsar,2025
30071,20071,Bike,TVS Jupiter,2025
30072,20072,SUV,Kia Seltos,2024
30073,20073,Auto,Bajaj RE,2020
30074,20074,Bike,Bajaj Pulsar,2025
30075,20075,SUV,Maruti Brezza,2024
30076,20076,Bike,TVS Jupiter,2022
30077,20077,Auto,Piaggio Ape,2019
30078,20078,Sedan,Hyundai Aura,2023
30079,20079,SUV,Maruti Brezza,2025
30080,20080,Sedan,Maruti Dzire,2019
30081,20081,Auto,Piaggio Ape,2019
30082,20082,SUV,Maruti Brezza,2022
30083,20083,Bike,Bajaj Pulsar,2023
30084,20084,SUV,Kia Seltos,2022
30085,20085,Sedan,Honda Amaze,2022
30086,20086,SUV,Hyundai Creta,2021
30087,20087,Bike,TVS Jupiter,2019
30088,20088,Bike,Honda Activa,2019
30089,20089,Sedan,Honda Amaze,2019
30090,20090,Auto,Bajaj RE,2024
30091,20091,Auto,Bajaj RE,2025
30092,20092,SUV,Kia Seltos,2022
30093,20093,Sedan,Maruti Dzire,2019
30094,20094,Auto,Piaggio Ape,2022
30095,20095,Auto,Bajaj RE,2026
30096,20096,Bike,Bajaj Pulsar,2020
30097,20097,Bike,Honda Activa,2022
30098,20098,Bike,Bajaj Pulsar,2023
30099,20099,Sedan,Maruti Dzire,2021
30100,20100,Sedan,Honda Amaze,2022
30101,20101,Auto,Bajaj RE,2022
30102,20102,Auto,Bajaj RE,2022
30103,20103,Sedan,Honda Amaze,2024
30104,20104,Sedan,Hyundai Aura,2023
30105,20105,Sedan,Maruti Dzire,2019
30106,20106,Auto,Piaggio Ape,2019
30107,20107,Sedan,Maruti Dzire,2022
30108,20108,Auto,Bajaj RE,2026
30109,20109,Auto,Bajaj RE,2019
30110,20110,Sedan,Hyundai Aura,2019
30111,20111,Auto,Bajaj RE,2024
30112,20112,Auto,Bajaj RE,2022
30113,20113,Auto,Bajaj RE,2020
30114,20114,Auto,Piaggio Ape,2020
30115,20115,Auto,Bajaj RE,2024
30116,20116,Sedan,Hyundai Aura,2023
30117,20117,Auto,Piaggio Ape,2024
30118,20118,Bike,Bajaj Pulsar,2021
30119,20119,Sedan,Hyundai Aura,2023
30120,20120,Auto,Bajaj RE,2025
30121,20121,SUV,Kia Seltos,2021
30122,20122,Bike,TVS Jupiter,2022
30123,20123,Sedan,Maruti Dzire,2020
30124,20124,Auto,Bajaj RE,2024
30125,20125,Sedan,Maruti Dzire,2019
30126,20126,Bike,Bajaj Pulsar,2020
30127,20127,SUV,Kia Seltos,2024
30128,20128,Auto,Bajaj RE,2019
30129,20129,Sedan,Hyundai Aura,2026
30130,20130,Auto,Piaggio Ape,2022
30131,20131,Bike,Bajaj Pulsar,2022
30132,20132,Auto,Piaggio Ape,2023
30133,20133,Bike,Bajaj Pulsar,2024
30134,20134,Auto,Bajaj RE,2022
30135,20135,Sedan,Hyundai Aura,2026
30136,20136,Auto,Bajaj RE,2026
30137,20137,Bike,TVS Jupiter,2020
30138,20138,Bike,TVS Jupiter,2024
30139,20139,Bike,TVS Jupiter,2021
30140,20140,Bike,TVS Jupiter,2026
30141,20141,Sedan,Hyundai Aura,2021
30142,20142,Bike,Honda Activa,2021
30143,20143,Sedan,Maruti Dzire,2024
30144,20144,Bike,Honda Activa,2025
30145,20145,Bike,Bajaj Pulsar,2020
30146,20146,Sedan,Honda Amaze,2023
30147,20147,Bike,TVS Jupiter,2021
30148,20148,Auto,Piaggio Ape,2023
30149,20149,SUV,Kia Seltos,2023
30150,20150,SUV,Kia Seltos,2026
30151,20151,Sedan,Maruti Dzire,2026
30152,20152,Bike,Honda Activa,2024
30153,20153,Sedan,Hyundai Aura,2024
30154,20154,SUV,Kia Seltos,2026
30155,20155,SUV,Hyundai Creta,2020
30156,20156,Bike,TVS Jupiter,2024
30157,20157,Auto,Bajaj RE,2025
30158,20158,Auto,Bajaj RE,2020
30159,20159,Bike,Honda Activa,2026
30160,20160,Sedan,Hyundai Aura,2024
30161,20161,Bike,Honda Activa,2021
30162,20162,Auto,Bajaj RE,2022
30163,20163,Bike,TVS Jupiter,2022
30164,20164,Auto,Piaggio Ape,2026
30165,20165,Bike,Bajaj Pulsar,2026
30166,20166,Auto,Piaggio Ape,2025
30167,20167,Bike,Honda Activa,2024
30168,20168,SUV,Kia Seltos,2019
30169,20169,Bike,Honda Activa,2026
30170,20170,Auto,Piaggio Ape,2020
30171,20171,Bike,Honda Activa,2020
30172,20172,Bike,Honda Activa,2019
30173,20173,Bike,Bajaj Pulsar,2026
30174,20174,Bike,Honda Activa,2022
30175,20175,Bike,TVS Jupiter,2020
30176,20176,Auto,Bajaj RE,2019
30177,20177,Sedan,Hyundai Aura,2022
30178,20178,Bike,Bajaj Pulsar,2024
30179,20179,Auto,Piaggio Ape,2026
30180,20180,Sedan,Hyundai Aura,2023
30181,20181,Bike,TVS Jupiter,2023
30182,20182,Auto,Bajaj RE,2025
30183,20183,Bike,Honda Activa,2026
30184,20184,Bike,Honda Activa,2021
30185,20185,Auto,Bajaj RE,2026
30186,20186,SUV,Hyundai Creta,2023
30187,20187,SUV,Hyundai Creta,2026
30188,20188,SUV,Kia Seltos,2019
30189,20189,Auto,Bajaj RE,2019
30190,20190,Bike,TVS Jupiter,2026
30191,20191,Auto,Bajaj RE,2024
30192,20192,Bike,Bajaj Pulsar,2020
30193,20193,Bike,TVS Jupiter,2026
30194,20194,Bike,Bajaj Pulsar,2019
30195,20195,Auto,Bajaj RE,2024
30196,20196,Auto,Bajaj RE,2020
30197,20197,Bike,TVS Jupiter,2019
30198,20198,Sedan,Honda Amaze,2025
30199,20199,Auto,Bajaj RE,2025
30200,20200,Sedan,Honda Amaze,2019
